{
  "host": "localhost",
  "port": 3030,
  "public": "../public/",
  "paginate": {
    "default": 10,
    "max": 50
  },
  "authentication": {
    "oauth": {
      "redirect": "/",
      "github": {
        "key": "<Client ID>",
        "secret": "<Client secret>"
      }
    },
    "entity": "user",
    "service": "users",
    "secret": "Ej0XhakSOO92QbeyLKDUqsZPQks=",
    "authStrategies": [
      "jwt",
      "local"
    ],
    "jwtOptions": {
      "header": {
        "typ": "access"
      },
      "audience": "https://yourdomain.com",
      "issuer": "feathers",
      "algorithm": "HS256",
      "expiresIn": "1d"
    },
    "local": {
      "usernameField": "email",
      "passwordField": "password"
    }
  },
  "nedb": "../data"
}
